Mail_ID	Status
marketing@morrisons.com	valid
office@morrisons.com	valid
partnership@morrisons.com	valid
sales@morrisons.com	valid
support@morrisons.com	valid
webmaster@morrisons.com	valid
info@mos.org	valid
contact@mos.org	valid
contacts@mos.org	valid
directors@mos.org	valid
enquiries@mos.org	valid
marketing@mos.org	valid
office@mos.org	valid
partnership@mos.org	valid
sales@mos.org	valid
support@mos.org	valid
webmaster@mos.org	valid
info@multiculturalartscenter.org	valid
contact@multiculturalartscenter.org	Invalid
contacts@multiculturalartscenter.org	Invalid
directors@multiculturalartscenter.org	Invalid
enquiries@multiculturalartscenter.org	Invalid
marketing@multiculturalartscenter.org	Invalid
office@multiculturalartscenter.org	Invalid
partnership@multiculturalartscenter.org	Invalid
sales@multiculturalartscenter.org	Invalid
support@multiculturalartscenter.org	Invalid
webmaster@multiculturalartscenter.org	Invalid
info@musicdubai.greensmedia.com	Invalid
contact@musicdubai.greensmedia.com	Invalid
contacts@musicdubai.greensmedia.com	Invalid
directors@musicdubai.greensmedia.com	Invalid
enquiries@musicdubai.greensmedia.com	Invalid
marketing@musicdubai.greensmedia.com	Invalid
office@musicdubai.greensmedia.com	Invalid
partnership@musicdubai.greensmedia.com	Invalid
sales@musicdubai.greensmedia.com	Invalid
support@musicdubai.greensmedia.com	Invalid
webmaster@musicdubai.greensmedia.com	Invalid
info@myamarket.com	Invalid
contact@myamarket.com	Invalid
contacts@myamarket.com	Invalid
directors@myamarket.com	Invalid
enquiries@myamarket.com	Invalid
marketing@myamarket.com	Invalid
office@myamarket.com	Invalid
partnership@myamarket.com	Invalid
sales@myamarket.com	Invalid
support@myamarket.com	Invalid
webmaster@myamarket.com	Invalid
info@mybestfriendsclosetcolorado.c	Invalid
contact@mybestfriendsclosetcolorado.c	Invalid
contacts@mybestfriendsclosetcolorado.c	Invalid
directors@mybestfriendsclosetcolorado.c	Invalid
enquiries@mybestfriendsclosetcolorado.c	Invalid
marketing@mybestfriendsclosetcolorado.c	Invalid
office@mybestfriendsclosetcolorado.c	Invalid
partnership@mybestfriendsclosetcolorado.c	Invalid
sales@mybestfriendsclosetcolorado.c	Invalid
support@mybestfriendsclosetcolorado.c	Invalid
webmaster@mybestfriendsclosetcolorado.c	Invalid
info@mycanarywharf.com	Invalid
contact@mycanarywharf.com	Invalid
contacts@mycanarywharf.com	Invalid
directors@mycanarywharf.com	Invalid
enquiries@mycanarywharf.com	Invalid
marketing@mycanarywharf.com	Invalid
office@mycanarywharf.com	Invalid
partnership@mycanarywharf.com	Invalid
sales@mycanarywharf.com	Invalid
support@mycanarywharf.com	Invalid
webmaster@mycanarywharf.com	Invalid
info@mydemoulas.net	Invalid
contact@mydemoulas.net	valid
contacts@mydemoulas.net	Invalid
directors@mydemoulas.net	Invalid
enquiries@mydemoulas.net	Invalid
marketing@mydemoulas.net	Invalid
office@mydemoulas.net	Invalid
partnership@mydemoulas.net	Invalid
sales@mydemoulas.net	Invalid
support@mydemoulas.net	Invalid
webmaster@mydemoulas.net	Invalid
info@myintimacy.com	valid
contact@myintimacy.com	valid
contacts@myintimacy.com	valid
directors@myintimacy.com	valid
enquiries@myintimacy.com	valid
marketing@myintimacy.com	valid
office@myintimacy.com	valid
partnership@myintimacy.com	valid
sales@myintimacy.com	valid
support@myintimacy.com	valid
webmaster@myintimacy.com	valid
info@myopticsdenver.com	valid
contact@myopticsdenver.com	Invalid
contacts@myopticsdenver.com	Invalid
directors@myopticsdenver.com	Invalid
enquiries@myopticsdenver.com	Invalid
marketing@myopticsdenver.com	Invalid
office@myopticsdenver.com	Invalid
partnership@myopticsdenver.com	Invalid
sales@myopticsdenver.com	Invalid
support@myopticsdenver.com	Invalid
webmaster@myopticsdenver.com	Invalid
info@mysticalheadshop.co.uk	valid
contact@mysticalheadshop.co.uk	valid
contacts@mysticalheadshop.co.uk	valid
directors@mysticalheadshop.co.uk	valid
enquiries@mysticalheadshop.co.uk	valid
marketing@mysticalheadshop.co.uk	valid
office@mysticalheadshop.co.uk	valid
partnership@mysticalheadshop.co.uk	valid
sales@mysticalheadshop.co.uk	valid
support@mysticalheadshop.co.uk	valid
webmaster@mysticalheadshop.co.uk	valid
info@mysuperaffiliatesite.com	Invalid
contact@mysuperaffiliatesite.com	Invalid
contacts@mysuperaffiliatesite.com	Invalid
directors@mysuperaffiliatesite.com	Invalid
enquiries@mysuperaffiliatesite.com	Invalid
marketing@mysuperaffiliatesite.com	Invalid
office@mysuperaffiliatesite.com	Invalid
partnership@mysuperaffiliatesite.com	Invalid
sales@mysuperaffiliatesite.com	Invalid
support@mysuperaffiliatesite.com	Invalid
webmaster@mysuperaffiliatesite.com	Invalid
info@myvue.com	valid
contact@myvue.com	valid
contacts@myvue.com	valid
directors@myvue.com	valid
enquiries@myvue.com	valid
marketing@myvue.com	valid
office@myvue.com	valid
partnership@myvue.com	valid
sales@myvue.com	valid
support@myvue.com	valid
webmaster@myvue.com	valid
info@n1islington.com	valid
contact@n1islington.com	valid
contacts@n1islington.com	valid
directors@n1islington.com	valid
enquiries@n1islington.com	valid
marketing@n1islington.com	valid
office@n1islington.com	valid
partnership@n1islington.com	valid
sales@n1islington.com	valid
support@n1islington.com	valid
webmaster@n1islington.com	valid
info@naltar.com	Invalid
contact@naltar.com	Invalid
contacts@naltar.com	Invalid
directors@naltar.com	Invalid
enquiries@naltar.com	Invalid
marketing@naltar.com	Invalid
office@naltar.com	Invalid
partnership@naltar.com	Invalid
sales@naltar.com	Invalid
support@naltar.com	Invalid
webmaster@naltar.com	Invalid
info@nanettelepore.com	valid
contact@nanettelepore.com	valid
contacts@nanettelepore.com	valid
directors@nanettelepore.com	valid
enquiries@nanettelepore.com	valid
marketing@nanettelepore.com	valid
office@nanettelepore.com	valid
partnership@nanettelepore.com	valid
sales@nanettelepore.com	valid
support@nanettelepore.com	valid
webmaster@nanettelepore.com	valid
info@nelson-bakewell.com	Invalid
contact@nelson-bakewell.com	Invalid
contacts@nelson-bakewell.com	Invalid
directors@nelson-bakewell.com	Invalid
enquiries@nelson-bakewell.com	Invalid
marketing@nelson-bakewell.com	Invalid
office@nelson-bakewell.com	Invalid
partnership@nelson-bakewell.com	Invalid
sales@nelson-bakewell.com	Invalid
support@nelson-bakewell.com	Invalid
webmaster@nelson-bakewell.com	Invalid
info@newbalance.com	valid
contact@newbalance.com	valid
contacts@newbalance.com	valid
directors@newbalance.com	valid
enquiries@newbalance.com	valid
marketing@newbalance.com	valid
office@newbalance.com	valid
partnership@newbalance.com	valid
sales@newbalance.com	valid
support@newbalance.com	valid
webmaster@newbalance.com	valid
info@newburycomics.com	valid
contact@newburycomics.com	valid
contacts@newburycomics.com	valid
directors@newburycomics.com	valid
enquiries@newburycomics.com	valid
marketing@newburycomics.com	valid
office@newburycomics.com	valid
partnership@newburycomics.com	valid
sales@newburycomics.com	valid
support@newburycomics.com	valid
webmaster@newburycomics.com	valid
info@newgatemall.com	Invalid
contact@newgatemall.com	Invalid
contacts@newgatemall.com	Invalid
directors@newgatemall.com	Invalid
enquiries@newgatemall.com	Invalid
marketing@newgatemall.com	Invalid
office@newgatemall.com	Invalid
partnership@newgatemall.com	Invalid
sales@newgatemall.com	Invalid
support@newgatemall.com	Invalid
webmaster@newgatemall.com	Invalid
info@newlook.com	valid
contact@newlook.com	Invalid
contacts@newlook.com	Invalid
directors@newlook.com	Invalid
enquiries@newlook.com	valid
marketing@newlook.com	valid
office@newlook.com	valid
partnership@newlook.com	valid
sales@newlook.com	valid
support@newlook.com	valid
webmaster@newlook.com	valid
info@newnhamcourt.co.uk	valid
contact@newnhamcourt.co.uk	valid
contacts@newnhamcourt.co.uk	valid
directors@newnhamcourt.co.uk	valid
enquiries@newnhamcourt.co.uk	valid
marketing@newnhamcourt.co.uk	valid
office@newnhamcourt.co.uk	valid
partnership@newnhamcourt.co.uk	valid
sales@newnhamcourt.co.uk	valid
support@newnhamcourt.co.uk	valid
webmaster@newnhamcourt.co.uk	valid
info@newportavemarket.com	valid
contact@newportavemarket.com	Invalid
contacts@newportavemarket.com	Invalid
directors@newportavemarket.com	Invalid
enquiries@newportavemarket.com	Invalid
marketing@newportavemarket.com	Invalid
office@newportavemarket.com	Invalid
partnership@newportavemarket.com	Invalid
sales@newportavemarket.com	Invalid
support@newportavemarket.com	valid
webmaster@newportavemarket.com	Invalid
info@newportcitycentre.co.uk	valid
contact@newportcitycentre.co.uk	Invalid
contacts@newportcitycentre.co.uk	Invalid
directors@newportcitycentre.co.uk	Invalid
enquiries@newportcitycentre.co.uk	Invalid
marketing@newportcitycentre.co.uk	Invalid
office@newportcitycentre.co.uk	Invalid
partnership@newportcitycentre.co.uk	Invalid
sales@newportcitycentre.co.uk	Invalid
support@newportcitycentre.co.uk	Invalid
webmaster@newportcitycentre.co.uk	Invalid
info@next.co.uk	valid
contact@next.co.uk	Invalid
contacts@next.co.uk	Invalid
directors@next.co.uk	Invalid
enquiries@next.co.uk	valid
marketing@next.co.uk	valid
office@next.co.uk	Invalid
partnership@next.co.uk	Invalid
sales@next.co.uk	valid
support@next.co.uk	Invalid
webmaster@next.co.uk	valid
info@northfieldfarmersmarketvt.com	Invalid
contact@northfieldfarmersmarketvt.com	Invalid
contacts@northfieldfarmersmarketvt.com	Invalid
directors@northfieldfarmersmarketvt.com	Invalid
enquiries@northfieldfarmersmarketvt.com	Invalid
marketing@northfieldfarmersmarketvt.com	Invalid
office@northfieldfarmersmarketvt.com	Invalid
partnership@northfieldfarmersmarketvt.com	Invalid
sales@northfieldfarmersmarketvt.com	Invalid
support@northfieldfarmersmarketvt.com	Invalid
webmaster@northfieldfarmersmarketvt.com	Invalid
info@northfieldshopping.co.uk	Invalid
contact@northfieldshopping.co.uk	Invalid
contacts@northfieldshopping.co.uk	Invalid
directors@northfieldshopping.co.uk	Invalid
enquiries@northfieldshopping.co.uk	Invalid
marketing@northfieldshopping.co.uk	Invalid
office@northfieldshopping.co.uk	Invalid
partnership@northfieldshopping.co.uk	Invalid
sales@northfieldshopping.co.uk	Invalid
support@northfieldshopping.co.uk	Invalid
webmaster@northfieldshopping.co.uk	Invalid
info@northfieldstapleton.com	Invalid
contact@northfieldstapleton.com	Invalid
contacts@northfieldstapleton.com	Invalid
directors@northfieldstapleton.com	Invalid
enquiries@northfieldstapleton.com	Invalid
marketing@northfieldstapleton.com	Invalid
office@northfieldstapleton.com	Invalid
partnership@northfieldstapleton.com	Invalid
sales@northfieldstapleton.com	Invalid
support@northfieldstapleton.com	valid
webmaster@northfieldstapleton.com	Invalid
info@northgatemall.com	Invalid
contact@northgatemall.com	valid
contacts@northgatemall.com	Invalid
directors@northgatemall.com	Invalid
enquiries@northgatemall.com	Invalid
marketing@northgatemall.com	Invalid
office@northgatemall.com	Invalid
partnership@northgatemall.com	Invalid
sales@northgatemall.com	Invalid
support@northgatemall.com	Invalid
webmaster@northgatemall.com	Invalid
info@northhillsraleigh.com	valid
contact@northhillsraleigh.com	Invalid
contacts@northhillsraleigh.com	Invalid
directors@northhillsraleigh.com	Invalid
enquiries@northhillsraleigh.com	Invalid
marketing@northhillsraleigh.com	Invalid
office@northhillsraleigh.com	Invalid
partnership@northhillsraleigh.com	Invalid
sales@northhillsraleigh.com	Invalid
support@northhillsraleigh.com	Invalid
webmaster@northhillsraleigh.com	Invalid
info@northpboro-pct.nhs.uk	valid
contact@northpboro-pct.nhs.uk	valid
contacts@northpboro-pct.nhs.uk	valid
directors@northpboro-pct.nhs.uk	valid
enquiries@northpboro-pct.nhs.uk	valid
marketing@northpboro-pct.nhs.uk	valid
office@northpboro-pct.nhs.uk	valid
partnership@northpboro-pct.nhs.uk	valid
sales@northpboro-pct.nhs.uk	valid
support@northpboro-pct.nhs.uk	valid
webmaster@northpboro-pct.nhs.uk	valid
info@oakcreek-village.com	Invalid
contact@oakcreek-village.com	Invalid
contacts@oakcreek-village.com	Invalid
directors@oakcreek-village.com	Invalid
enquiries@oakcreek-village.com	Invalid
marketing@oakcreek-village.com	Invalid
office@oakcreek-village.com	Invalid
partnership@oakcreek-village.com	Invalid
sales@oakcreek-village.com	Invalid
support@oakcreek-village.com	Invalid
webmaster@oakcreek-village.com	Invalid
info@oakviewmall.com	Invalid
contact@oakviewmall.com	Invalid
contacts@oakviewmall.com	Invalid
directors@oakviewmall.com	Invalid
enquiries@oakviewmall.com	Invalid
marketing@oakviewmall.com	Invalid
office@oakviewmall.com	Invalid
partnership@oakviewmall.com	Invalid
sales@oakviewmall.com	Invalid
support@oakviewmall.com	Invalid
webmaster@oakviewmall.com	Invalid
info@oasisltd.org.uk	valid
contact@oasisltd.org.uk	valid
contacts@oasisltd.org.uk	valid
directors@oasisltd.org.uk	valid
enquiries@oasisltd.org.uk	valid
marketing@oasisltd.org.uk	valid
office@oasisltd.org.uk	valid
partnership@oasisltd.org.uk	valid
sales@oasisltd.org.uk	valid
support@oasisltd.org.uk	valid
webmaster@oasisltd.org.uk	valid
info@odeon.co.uk	valid
contact@odeon.co.uk	valid
contacts@odeon.co.uk	valid
directors@odeon.co.uk	valid
enquiries@odeon.co.uk	valid
marketing@odeon.co.uk	valid
office@odeon.co.uk	valid
partnership@odeon.co.uk	valid
sales@odeon.co.uk	valid
support@odeon.co.uk	valid
webmaster@odeon.co.uk	valid
info@oldmarkethereford.co.uk	valid
contact@oldmarkethereford.co.uk	Invalid
contacts@oldmarkethereford.co.uk	Invalid
directors@oldmarkethereford.co.uk	Invalid
enquiries@oldmarkethereford.co.uk	Invalid
marketing@oldmarkethereford.co.uk	Invalid
office@oldmarkethereford.co.uk	Invalid
partnership@oldmarkethereford.co.uk	Invalid
sales@oldmarkethereford.co.uk	Invalid
support@oldmarkethereford.co.uk	Invalid
webmaster@oldmarkethereford.co.uk	Invalid
info@olympiasports.net	valid
contact@olympiasports.net	Invalid
contacts@olympiasports.net	Invalid
directors@olympiasports.net	Invalid
enquiries@olympiasports.net	Invalid
marketing@olympiasports.net	Invalid
office@olympiasports.net	Invalid
partnership@olympiasports.net	Invalid
sales@olympiasports.net	Invalid
support@olympiasports.net	valid
webmaster@olympiasports.net	Invalid
info@omeshpersadenterprises.com	valid
contact@omeshpersadenterprises.com	valid
contacts@omeshpersadenterprises.com	valid
directors@omeshpersadenterprises.com	valid
enquiries@omeshpersadenterprises.com	valid
marketing@omeshpersadenterprises.com	valid
office@omeshpersadenterprises.com	valid
partnership@omeshpersadenterprises.com	valid
sales@omeshpersadenterprises.com	valid
support@omeshpersadenterprises.com	valid
webmaster@omeshpersadenterprises.com	valid
info@onecityblock.com	Invalid
contact@onecityblock.com	Invalid
contacts@onecityblock.com	Invalid
directors@onecityblock.com	Invalid
enquiries@onecityblock.com	Invalid
marketing@onecityblock.com	Invalid
office@onecityblock.com	Invalid
partnership@onecityblock.com	Invalid
sales@onecityblock.com	Invalid
support@onecityblock.com	Invalid
webmaster@onecityblock.com	Invalid
info@OneCM.co.uk	Invalid
contact@OneCM.co.uk	Invalid
contacts@OneCM.co.uk	Invalid
directors@OneCM.co.uk	Invalid
enquiries@OneCM.co.uk	Invalid
marketing@OneCM.co.uk	Invalid
office@OneCM.co.uk	Invalid
partnership@OneCM.co.uk	Invalid
sales@OneCM.co.uk	Invalid
support@OneCM.co.uk	valid
webmaster@OneCM.co.uk	Invalid
info@onenewchange.com	valid
contact@onenewchange.com	valid
contacts@onenewchange.com	valid
directors@onenewchange.com	valid
enquiries@onenewchange.com	valid
marketing@onenewchange.com	valid
office@onenewchange.com	valid
partnership@onenewchange.com	valid
sales@onenewchange.com	valid
support@onenewchange.com	valid
webmaster@onenewchange.com	valid
info@onenorthofboston.com	Invalid
contact@onenorthofboston.com	Invalid
contacts@onenorthofboston.com	Invalid
directors@onenorthofboston.com	Invalid
enquiries@onenorthofboston.com	Invalid
marketing@onenorthofboston.com	Invalid
office@onenorthofboston.com	Invalid
partnership@onenorthofboston.com	Invalid
sales@onenorthofboston.com	Invalid
support@onenorthofboston.com	Invalid
webmaster@onenorthofboston.com	Invalid
info@onestopshop.in	valid
contact@onestopshop.in	Invalid
contacts@onestopshop.in	Invalid
directors@onestopshop.in	Invalid
enquiries@onestopshop.in	Invalid
marketing@onestopshop.in	Invalid
office@onestopshop.in	Invalid
partnership@onestopshop.in	Invalid
sales@onestopshop.in	Invalid
support@onestopshop.in	valid
webmaster@onestopshop.in	Invalid
info@orchardtaunton.co.uk	Invalid
contact@orchardtaunton.co.uk	Invalid
contacts@orchardtaunton.co.uk	Invalid
directors@orchardtaunton.co.uk	Invalid
enquiries@orchardtaunton.co.uk	Invalid
marketing@orchardtaunton.co.uk	valid
office@orchardtaunton.co.uk	Invalid
partnership@orchardtaunton.co.uk	Invalid
sales@orchardtaunton.co.uk	Invalid
support@orchardtaunton.co.uk	Invalid
webmaster@orchardtaunton.co.uk	Invalid
info@orgharvest.com	Invalid
contact@orgharvest.com	Invalid
contacts@orgharvest.com	Invalid
directors@orgharvest.com	Invalid
enquiries@orgharvest.com	Invalid
marketing@orgharvest.com	Invalid
office@orgharvest.com	Invalid
partnership@orgharvest.com	Invalid
sales@orgharvest.com	Invalid
support@orgharvest.com	Invalid
webmaster@orgharvest.com	Invalid
info@ottissportsandleisurewear.co.	valid
contact@ottissportsandleisurewear.co.	valid
contacts@ottissportsandleisurewear.co.	valid
directors@ottissportsandleisurewear.co.	valid
enquiries@ottissportsandleisurewear.co.	valid
marketing@ottissportsandleisurewear.co.	valid
office@ottissportsandleisurewear.co.	valid
partnership@ottissportsandleisurewear.co.	valid
sales@ottissportsandleisurewear.co.	valid
support@ottissportsandleisurewear.co.	valid
webmaster@ottissportsandleisurewear.co.	valid
info@overland.com	Invalid
contact@overland.com	Invalid
contacts@overland.com	Invalid
directors@overland.com	Invalid
enquiries@overland.com	Invalid
marketing@overland.com	Invalid
office@overland.com	Invalid
partnership@overland.com	Invalid
sales@overland.com	Invalid
support@overland.com	Invalid
webmaster@overland.com	valid
info@oxfordcity.co.uk	Invalid
contact@oxfordcity.co.uk	Invalid
contacts@oxfordcity.co.uk	Invalid
directors@oxfordcity.co.uk	Invalid
enquiries@oxfordcity.co.uk	Invalid
marketing@oxfordcity.co.uk	Invalid
office@oxfordcity.co.uk	Invalid
partnership@oxfordcity.co.uk	Invalid
sales@oxfordcity.co.uk	Invalid
support@oxfordcity.co.uk	Invalid
webmaster@oxfordcity.co.uk	Invalid
info@pacificmercantile.com	valid
contact@pacificmercantile.com	Invalid
contacts@pacificmercantile.com	Invalid
directors@pacificmercantile.com	Invalid
enquiries@pacificmercantile.com	Invalid
marketing@pacificmercantile.com	Invalid
office@pacificmercantile.com	Invalid
partnership@pacificmercantile.com	Invalid
sales@pacificmercantile.com	Invalid
support@pacificmercantile.com	Invalid
webmaster@pacificmercantile.com	Invalid
info@palmdalemall.com	Invalid
contact@palmdalemall.com	Invalid
contacts@palmdalemall.com	Invalid
directors@palmdalemall.com	Invalid
enquiries@palmdalemall.com	Invalid
marketing@palmdalemall.com	Invalid
office@palmdalemall.com	Invalid
partnership@palmdalemall.com	Invalid
sales@palmdalemall.com	Invalid
support@palmdalemall.com	Invalid
webmaster@palmdalemall.com	Invalid
info@pandemoniumbooks.com	Invalid
contact@pandemoniumbooks.com	Invalid
contacts@pandemoniumbooks.com	Invalid
directors@pandemoniumbooks.com	Invalid
enquiries@pandemoniumbooks.com	Invalid
marketing@pandemoniumbooks.com	valid
office@pandemoniumbooks.com	Invalid
partnership@pandemoniumbooks.com	Invalid
sales@pandemoniumbooks.com	Invalid
support@pandemoniumbooks.com	Invalid
webmaster@pandemoniumbooks.com	Invalid
info@paradiseforum.co.uk	valid
contact@paradiseforum.co.uk	valid
contacts@paradiseforum.co.uk	valid
directors@paradiseforum.co.uk	valid
enquiries@paradiseforum.co.uk	valid
marketing@paradiseforum.co.uk	valid
office@paradiseforum.co.uk	valid
partnership@paradiseforum.co.uk	valid
sales@paradiseforum.co.uk	valid
support@paradiseforum.co.uk	valid
webmaster@paradiseforum.co.uk	valid
